﻿pos_x,pos_y,rotation,side,designator,mpn,pack,footprint,value,mount_type
27.0,-36.5,0.0,top,C1,,,C_Rect_L7.0mm_W2.0mm_P5.00mm,100n,tht
27.0,-29.5,-90.0,top,R1,,,R_0805_2012Metric_Pad1.20x1.40mm_HandSolder,"2,2k",smt
12.0,-46.0,-90.0,top,R2,,,R_0805_2012Metric_Pad1.20x1.40mm_HandSolder,430,smt
32.0,-46.0,-90.0,top,R3,,,R_0805_2012Metric_Pad1.20x1.40mm_HandSolder,620,smt
12.0,-64.5,-90.0,top,R4,,,R_0805_2012Metric_Pad1.20x1.40mm_HandSolder,910,smt
32.0,-64.5,-90.0,top,R5,,,R_0805_2012Metric_Pad1.20x1.40mm_HandSolder,1.5K,smt
12.0,-84.0,-90.0,top,R6,,,R_0805_2012Metric_Pad1.20x1.40mm_HandSolder,3.3k,smt
32.0,-84.0,-90.0,top,R7,,,R_0805_2012Metric_Pad1.20x1.40mm_HandSolder,13k,smt
10.5,-6.1,0.0,top,SW0,,,RotaryEncoder_Bourns_Vertical_PEC12R-3x17F-Sxxxx,Speed / SHIFT,tht
8.0,-53.5,0.0,top,SW1,,,SW_SPST_Omron_B3FS-101xP,Record,smt
28.0,-53.5,0.0,top,SW2,,,SW_SPST_Omron_B3FS-101xP,Play,smt
8.0,-73.5,0.0,top,SW3,,,SW_SPST_Omron_B3FS-101xP,Stop,smt
28.0,-73.5,0.0,top,SW4,,,SW_SPST_Omron_B3FS-101xP,Water,smt
8.0,-93.5,0.0,top,SW5,,,SW_SPST_Omron_B3FS-101xP,LED Cycle,smt
28.0,-93.5,0.0,top,SW6,,,SW_SPST_Omron_B3FS-101xP,Sound Cycle,smt
12.24,-30.88,90.0,top,U1,,Package,MODULE_ESP32-S3_SUPERMINI_SMD,ESP32-S3_SUPERMINI_SMD,tht
