﻿Designator,Quantity,Value,Footprint,Package,MPN,DNP,Mount_Type,Description,MF,Description_1,CREATOR,Price,Check_prices,STANDARD,SnapEDA_Link,MP,Availability,MANUFACTURER
C1,1,100n,C_Rect_L7.0mm_W2.0mm_P5.00mm,,,,tht,Unpolarized capacitor,,,,,,,,,,
R1,1,"2,2k",R_0805_2012Metric_Pad1.20x1.40mm_HandSolder,,,,smt,Resistor,,,,,,,,,,
R2,1,430,R_0805_2012Metric_Pad1.20x1.40mm_HandSolder,,,,smt,Resistor,,,,,,,,,,
R3,1,620,R_0805_2012Metric_Pad1.20x1.40mm_HandSolder,,,,smt,Resistor,,,,,,,,,,
R4,1,910,R_0805_2012Metric_Pad1.20x1.40mm_HandSolder,,,,smt,Resistor,,,,,,,,,,
R5,1,1.5K,R_0805_2012Metric_Pad1.20x1.40mm_HandSolder,,,,smt,Resistor,,,,,,,,,,
R6,1,3.3k,R_0805_2012Metric_Pad1.20x1.40mm_HandSolder,,,,smt,Resistor,,,,,,,,,,
R7,1,13k,R_0805_2012Metric_Pad1.20x1.40mm_HandSolder,,,,smt,Resistor,,,,,,,,,,
SW0,1,Speed / SHIFT,RotaryEncoder_Bourns_Vertical_PEC12R-3x17F-Sxxxx,,,,tht,"Rotary encoder, dual channel, incremental quadrate outputs, with switch",,,,,,,,,,
SW1,1,Record,SW_SPST_Omron_B3FS-101xP,,,,smt,"Push button switch, generic, two pins",,,,,,,,,,
SW2,1,Play,SW_SPST_Omron_B3FS-101xP,,,,smt,"Push button switch, generic, two pins",,,,,,,,,,
SW3,1,Stop,SW_SPST_Omron_B3FS-101xP,,,,smt,"Push button switch, generic, two pins",,,,,,,,,,
SW4,1,Water,SW_SPST_Omron_B3FS-101xP,,,,smt,"Push button switch, generic, two pins",,,,,,,,,,
SW5,1,LED Cycle,SW_SPST_Omron_B3FS-101xP,,,,smt,"Push button switch, generic, two pins",,,,,,,,,,
SW6,1,Sound Cycle,SW_SPST_Omron_B3FS-101xP,,,,smt,"Push button switch, generic, two pins",,,,,,,,,,
U1,1,ESP32-S3_SUPERMINI_SMD,MODULE_ESP32-S3_SUPERMINI_SMD,Package,,,tht,,Espressif Systems,Super tiny ESP32-S3 board,DIZAR,None,https://www.snapeda.com/parts/ESP32-C3%20SuperMini_TH/Espressif+Systems/view-part/?ref=eda,IPC-7351B,https://www.snapeda.com/parts/ESP32-C3%20SuperMini_TH/Espressif+Systems/view-part/?ref=snap,ESP32-C3 SuperMini_TH,Not in stock,Espressif Systems
